{
  "metrics": {
    "0.1": {
      "rmse": 2.0528039091493833,
      "mae": 1.4440624412449925,
      "bias": -0.3782412025695492,
      "mse": 4.214003889418989
    },
    "0.2": {
      "rmse": 2.155576754392558,
      "mae": 1.8404635354959704,
      "bias": 0.8056310893618143,
      "mse": 4.6465111440775555
    },
    "0.3": {
      "rmse": 3.020279381945481,
      "mae": 2.7329377718877406,
      "bias": 2.2256879746352567,
      "mse": 9.122087545004977
    },
    "0.4": {
      "rmse": 4.501537136952074,
      "mae": 4.155842823726308,
      "bias": 3.9610350581566425,
      "mse": 20.263836595358676
    },
    "0.5": {
      "rmse": 5.538164482497502,
      "mae": 5.12427127505792,
      "bias": 5.068858568461469,
      "mse": 30.671265835196824
    },
    "0.6": {
      "rmse": 7.496621919653118,
      "mae": 7.179442775765201,
      "bias": 7.177629528401216,
      "mse": 56.19934020622361
    },
    "0.7": {
      "rmse": 11.084281952080161,
      "mae": 10.797620178828735,
      "bias": 10.797620178828735,
      "mse": 122.86130639321
    },
    "0.8": {
      "rmse": 13.554396036953948,
      "mae": 13.373620699239943,
      "bias": 13.373620699239943,
      "mse": 183.72165192659287
    }
  },
  "summary_statistics": {
    "discount_0.1": {
      "mean": 1.167465090751648,
      "std": 0.25093862414360046,
      "min": -0.21414458751678467,
      "max": 5.290437698364258,
      "median": 1.183870553970337
    },
    "discount_0.2": {
      "mean": 2.351337432861328,
      "std": 0.40509918332099915,
      "min": 0.7603161931037903,
      "max": 3.4488277435302734,
      "median": 2.4162073135375977
    },
    "discount_0.3": {
      "mean": 3.771394968032837,
      "std": 0.6658684015274048,
      "min": -0.5931340456008911,
      "max": 5.921228885650635,
      "median": 3.841341018676758
    },
    "discount_0.4": {
      "mean": 5.506741046905518,
      "std": 0.7110937833786011,
      "min": 3.445350408554077,
      "max": 9.593888282775879,
      "median": 5.456563949584961
    },
    "discount_0.5": {
      "mean": 6.614564418792725,
      "std": 1.4269074201583862,
      "min": 0.9557953476905823,
      "max": 12.119193077087402,
      "median": 6.956664085388184
    },
    "discount_0.6": {
      "mean": 8.723336219787598,
      "std": 1.3580313920974731,
      "min": 3.5083322525024414,
      "max": 12.893340110778809,
      "median": 9.017156600952148
    },
    "discount_0.7": {
      "mean": 12.343327522277832,
      "std": 1.2729564905166626,
      "min": 8.463150024414062,
      "max": 16.454599380493164,
      "median": 12.210204124450684
    },
    "discount_0.8": {
      "mean": 14.919328689575195,
      "std": 1.4454349279403687,
      "min": 10.550583839416504,
      "max": 19.082395553588867,
      "median": 15.12259292602539
    }
  }
}